fixture_id,team_id,shots_on_goal,shots_off_goal,total_shots,blocked_shots,shots_in_box,shots_out_box,fouls,corners,offsides,possession,yellow_cards,red_cards,gk_saves,total_passes,accurate_passes,pass_perc,xgoal,goals_prevented
1208142,41,5,2,7,0,5,2,11,3,0,38%,3,0,8,365,303,83%,1.28,0
1208142,40,11,7,27,9,18,9,9,10,1,62%,4,0,3,600,531,89%,3.15,0
1208138,57,6,3,11,2,5,6,11,4,0,40%,0,0,3,424,349,82%,1.59,0
1208138,33,4,5,11,2,8,3,10,3,1,60%,0,0,5,649,568,88%,0.80,0
1208141,34,2,10,18,6,14,4,11,8,1,53%,1,0,4,509,433,85%,1.64,0
1208141,48,6,3,15,6,7,8,8,3,0,47%,0,0,2,475,390,82%,0.81,0
1299062,50,9,2,18,7,15,3,7,10,0,64%,1,0,2,630,564,90%,2.21,0
1299062,209,5,3,10,2,5,5,13,2,1,36%,1,0,6,370,306,83%,2.16,0
1299063,228,8,8,19,3,9,10,6,8,0,52%,1,0,4,497,447,90%,1.05,1
1299063,42,9,2,13,2,10,3,8,3,1,48%,1,0,8,458,402,88%,3.89,1
1208139,46,1,2,4,1,4,0,15,2,3,37%,4,0,4,353,264,75%,1.11,0
1208139,49,7,6,16,3,11,5,12,9,1,63%,3,0,0,609,528,87%,2.75,0
1208133,35,5,11,19,3,14,5,13,7,5,55%,2,0,2,479,415,87%,1.63,0
1208133,51,4,1,6,1,5,1,10,0,1,45%,4,1,4,421,339,81%,0.94,0
1208134,42,7,7,19,5,14,5,10,8,4,66%,3,0,0,587,536,91%,1.19,-1
1208134,65,0,5,7,2,5,2,11,1,2,34%,2,0,3,295,240,81%,0.33,-1
1208140,50,5,11,23,7,17,6,19,9,2,58%,4,0,3,566,523,92%,2.14,1
1208140,47,7,2,9,0,7,2,9,3,3,42%,2,0,5,427,358,84%,2.51,1
1208128,33,3,4,13,6,6,7,9,1,1,51%,0,0,5,491,418,85%,0.76,-2
1208128,46,5,1,6,0,4,2,5,5,2,49%,1,0,1,466,388,83%,0.63,-2
1208129,65,3,3,9,3,7,2,13,4,3,44%,1,0,3,383,299,78%,0.63,0
1208129,34,6,7,17,4,12,5,6,5,0,56%,1,0,2,494,427,86%,1.70,0
1208130,47,5,9,17,3,11,6,10,12,0,66%,1,0,1,550,462,84%,1.55,0
1208130,57,3,2,8,3,6,2,19,2,0,34%,5,0,5,278,188,68%,1.62,0
1208125,49,3,6,17,8,5,12,12,4,1,49%,4,0,2,419,358,85%,1.54,0
1208125,42,3,4,13,6,8,5,12,3,7,51%,2,0,2,426,375,88%,1.55,0
1208135,66,5,6,17,6,15,2,10,10,1,70%,3,0,4,617,531,86%,3.11,0
1208135,52,6,6,13,1,10,3,11,1,2,30%,2,0,3,261,180,69%,1.26,0
1299067,66,3,3,11,5,6,5,13,3,1,46%,3,0,2,410,357,87%,1.22,0
1299067,496,2,5,8,1,3,5,14,3,3,54%,3,0,2,494,441,89%,0.39,0
1208114,36,12,4,26,10,16,10,3,11,2,68%,2,0,1,637,560,88%,1.37,0
1208114,55,2,1,5,2,3,2,10,3,0,32%,1,0,10,317,223,70%,0.59,0
1208123,55,6,2,12,4,10,2,8,6,0,52%,2,0,1,413,313,76%,1.48,-1
1208123,35,3,3,15,9,11,4,16,4,1,48%,4,0,3,386,290,75%,2.61,-1
1208126,52,5,6,13,2,8,5,10,1,1,36%,1,1,5,355,274,77%,1.52,1
1208126,36,7,6,17,4,11,6,11,8,4,64%,1,0,4,625,531,85%,1.83,1
1208131,48,6,1,11,4,7,4,10,7,1,49%,1,0,4,447,349,78%,0.83,1
1208131,45,4,8,18,6,11,7,9,6,1,51%,2,0,6,450,341,76%,1.11,1
1208132,39,4,1,8,3,4,4,14,1,3,29%,1,0,0,278,213,77%,1.26,0
1208132,41,0,6,9,3,5,4,12,9,0,71%,4,0,2,673,606,90%,0.66,0
1208124,51,4,4,10,2,8,2,12,0,3,40%,3,0,5,426,372,87%,2.29,0
1208124,50,6,6,15,3,12,3,10,4,1,60%,3,0,2,653,586,90%,2.22,0
1208127,40,5,6,14,3,9,5,11,2,1,62%,0,0,2,619,546,88%,2.02,0
1208127,66,2,8,12,2,9,3,15,9,1,38%,3,0,3,351,288,82%,1.38,0
1208136,45,5,12,27,10,16,11,8,10,3,59%,0,0,2,465,405,87%,1.20,0
1208136,55,2,4,9,3,5,4,10,4,3,41%,0,1,5,342,271,79%,1.10,0
1208137,36,3,4,10,3,5,5,14,7,2,59%,3,0,1,545,463,85%,1.03,0
1208137,39,5,2,10,3,7,3,14,2,1,41%,0,0,2,392,325,83%,1.32,0
1208144,51,5,10,22,7,15,7,20,7,3,52%,2,0,1,458,414,90%,1.68,0
1208144,41,2,2,10,6,8,2,16,6,1,48%,4,0,4,421,368,87%,1.01,0
1208143,55,6,3,13,4,10,3,9,5,1,60%,1,0,2,576,489,85%,2.40,0
1208143,46,3,1,7,3,3,4,10,4,1,40%,1,0,2,378,288,76%,1.06,0
1208146,52,4,7,16,5,12,4,12,8,2,49%,3,0,0,402,320,80%,1.76,0
1208146,34,0,0,1,1,1,0,11,9,2,51%,3,0,2,418,338,81%,0.04,0
1208149,65,5,5,12,2,8,4,5,8,3,45%,1,0,2,310,238,77%,1.68,0
1208149,57,3,2,7,2,5,2,16,7,1,55%,3,0,4,387,307,79%,0.59,0
1208152,39,3,5,10,2,5,5,13,3,2,60%,5,0,4,520,440,85%,0.46,0
1208152,35,8,2,12,2,10,2,11,4,1,40%,1,0,1,344,265,77%,3.29,0
1208151,48,5,3,12,4,8,4,10,2,1,40%,4,0,2,323,252,78%,1.54,0
1208151,42,7,5,16,4,13,3,13,10,1,60%,1,0,3,479,400,84%,3.60,0
1208145,49,8,6,17,3,12,5,21,3,3,64%,2,0,3,623,561,90%,1.69,0
1208145,66,4,3,10,3,8,2,6,4,1,36%,2,0,5,352,296,84%,1.23,0
1208148,33,5,2,11,4,9,2,12,2,3,60%,2,0,2,630,566,90%,1.07,-2
1208148,45,2,3,8,3,4,4,12,2,2,40%,3,0,1,412,356,86%,0.58,-2
1208150,47,3,3,8,2,4,4,4,7,1,51%,0,0,5,493,427,87%,0.78,0
1208150,36,6,4,14,4,12,2,14,11,1,49%,1,1,2,454,383,84%,1.58,0
1208147,40,7,7,18,4,11,7,9,7,4,44%,1,0,3,415,347,84%,3.57,0
1208147,50,2,3,8,3,7,1,8,4,3,56%,3,0,5,544,481,88%,0.84,0
1208158,57,2,4,9,3,5,4,14,4,1,54%,2,0,2,526,439,83%,0.49,0
1208158,52,3,4,13,6,9,4,13,7,1,46%,4,0,2,440,354,80%,1.64,0
1208159,46,6,2,8,0,8,0,9,3,1,39%,2,0,7,379,286,75%,1.35,0
1208159,48,10,10,31,11,24,7,7,9,2,61%,2,0,3,584,501,86%,3.09,0
1208156,45,4,5,13,4,8,5,10,3,4,44%,2,0,2,366,292,80%,1.02,-3
1208156,39,2,2,6,2,2,4,8,4,0,56%,0,0,2,473,380,80%,0.78,-3
1208160,50,7,7,17,3,12,5,7,8,1,66%,2,0,3,548,487,89%,2.41,0
1208160,65,3,7,12,2,8,4,15,2,2,34%,4,0,3,277,219,79%,0.88,0
1208161,34,6,7,17,4,9,8,9,5,4,41%,2,0,2,350,277,79%,2.09,0
1208161,40,5,5,16,6,14,2,17,6,0,59%,5,0,3,514,450,88%,1.99,0
1208162,41,4,0,6,2,6,0,7,5,3,45%,1,1,6,432,384,89%,1.56,0
1208162,49,13,7,26,6,22,4,14,7,1,55%,0,0,3,535,494,92%,5.43,0
1208154,42,6,3,14,5,13,1,12,13,2,50%,1,0,2,463,403,87%,2.16,0
1208154,33,2,3,5,0,3,2,8,0,2,50%,3,0,4,476,412,87%,0.22,0
1208155,66,10,6,20,4,16,4,11,10,0,49%,2,0,0,387,333,86%,2.43,0
1208155,55,1,4,9,4,7,2,15,5,1,51%,2,0,7,402,342,85%,1.03,0
1208157,36,2,3,6,1,6,0,7,5,0,43%,2,0,2,382,309,81%,0.65,-1
1208157,51,3,5,13,5,8,5,8,6,1,57%,2,0,0,499,438,88%,1.47,-1
1208153,35,8,8,21,5,17,4,15,5,3,35%,2,0,4,248,174,70%,3.71,1
1208153,47,4,5,12,3,7,5,8,9,3,65%,2,0,7,480,394,82%,0.87,1
1208163,66,5,5,18,8,12,6,18,14,0,47%,1,0,0,421,363,86%,2.29,0
1208163,41,0,0,4,4,4,0,15,1,4,53%,3,0,3,490,438,89%,0.33,0
1208164,55,8,2,11,1,8,3,10,3,3,44%,3,0,2,395,317,80%,1.23,-1
1208164,34,3,11,16,2,10,6,7,4,2,56%,0,0,4,495,428,86%,1.48,-1
1208165,52,3,1,12,8,6,6,4,6,3,32%,1,0,2,333,258,77%,1.34,0
1208165,50,4,4,12,4,9,3,10,8,2,68%,2,1,1,719,636,88%,1.45,0
1208170,33,7,5,17,5,10,7,10,5,0,71%,0,0,0,601,528,88%,1.60,0
1208170,65,3,4,11,4,8,3,13,3,1,29%,2,0,5,242,158,65%,0.83,0
1208167,36,2,0,2,0,2,0,10,0,0,34%,4,0,3,302,218,72%,0.16,0
1208167,42,4,8,12,0,10,2,9,6,3,66%,2,0,1,587,522,89%,2.03,0
1208168,57,5,6,18,7,11,7,9,6,0,43%,2,0,4,340,250,74%,1.32,0
1208168,35,6,9,22,7,14,8,13,13,0,57%,1,0,4,443,357,81%,3.28,0
1208169,46,3,2,10,5,7,3,9,4,1,55%,1,0,5,520,439,84%,1.31,0
1208169,51,7,6,16,3,7,9,10,5,0,45%,2,0,1,429,366,85%,1.54,0
1208171,47,5,5,13,3,11,2,17,5,3,39%,2,0,4,316,263,83%,2.90,0
1208171,49,8,4,17,5,12,5,11,10,2,61%,3,0,2,517,446,86%,2.83,0
1208172,48,4,6,19,9,15,4,12,11,4,54%,5,0,4,432,349,81%,0.95,-1
1208172,39,5,7,19,7,12,7,17,0,1,46%,4,0,2,377,290,77%,1.47,-1
1299044,40,8,5,22,9,17,5,15,1,0,47%,0,0,4,472,411,87%,3.79,0
1299044,168,4,5,12,3,5,7,10,3,1,53%,2,0,4,525,452,86%,0.80,0
1299045,228,6,2,9,1,8,1,8,1,1,27%,3,0,4,228,181,79%,2.86,-1
1299045,50,6,6,20,8,13,7,10,11,4,73%,3,0,2,596,556,93%,2.21,-1
1299047,569,7,2,13,4,7,6,12,2,4,44%,2,0,1,417,356,85%,1.38,0
1299047,66,1,5,8,2,2,6,12,3,0,56%,4,0,6,545,491,90%,0.42,0
1299052,505,1,4,7,2,5,2,12,0,1,37%,2,0,4,323,243,75%,1.19,0
1299052,42,4,6,20,10,16,4,21,13,1,63%,2,0,0,507,437,86%,1.80,0
1299196,33,4,5,16,7,11,5,10,9,1,52%,2,0,4,519,434,84%,1.16,0
1299196,619,4,2,8,2,5,3,15,2,0,48%,1,0,2,479,395,82%,1.33,0
1299338,49,18,9,31,4,21,10,9,4,0,58%,0,0,7,586,533,91%,5.80,-1
1299338,3684,7,3,15,5,7,8,5,3,2,42%,2,0,10,431,374,87%,0.61,-1
1299071,40,7,7,17,3,13,4,10,8,1,63%,3,0,3,617,563,91%,2.73,0
1299071,541,3,4,8,1,2,6,10,5,3,37%,4,0,5,365,318,87%,1.22,0
1208174,42,5,3,13,5,11,2,6,8,5,77%,0,0,0,682,627,92%,1.42,1
1208174,45,0,0,2,2,1,1,9,2,3,23%,3,0,5,209,150,72%,0.17,1
1208177,40,4,7,16,5,16,0,10,5,2,61%,3,1,1,509,448,88%,2.34,0
1208177,36,3,5,12,4,7,5,7,4,2,39%,4,0,2,337,277,82%,1.09,0
1208179,34,11,9,27,7,20,7,7,5,0,60%,3,0,1,590,516,87%,3.78,0
1208179,46,1,0,4,3,2,2,16,2,2,40%,3,0,7,398,307,77%,0.23,0
1208182,39,6,5,16,5,11,5,13,7,2,54%,1,0,2,477,395,83%,0.94,0
1208182,57,5,2,10,3,7,3,9,3,4,46%,2,0,5,410,337,82%,1.26,0
1208180,65,6,6,17,5,12,5,12,4,2,50%,0,0,1,465,424,91%,1.65,0
1208180,66,2,4,8,2,7,1,5,3,2,50%,1,0,4,463,409,88%,0.44,0
1299349,180,11,3,16,2,10,6,14,3,6,33%,2,0,7,302,240,79%,1.97,2
1299349,49,9,5,17,3,15,2,10,6,0,67%,5,1,11,629,554,88%,2.90,2
1299212,33,6,8,20,6,14,6,7,2,0,72%,2,0,2,787,723,92%,2.95,0
1299212,327,4,2,7,1,4,3,7,1,1,28%,1,0,4,299,229,77%,0.77,0
1299217,47,12,9,24,3,19,5,9,7,0,50%,2,0,5,450,380,84%,3.74,1
1299217,497,7,7,18,4,13,5,9,6,9,50%,1,0,9,431,361,84%,2.29,1
1208175,51,5,4,17,8,9,8,11,8,1,65%,1,0,2,562,494,88%,0.81,0
1208175,52,5,5,13,3,11,2,15,5,1,35%,4,0,5,310,228,74%,2.40,0
1208178,50,3,4,10,3,5,5,5,8,0,52%,1,0,1,491,426,87%,0.91,0
1208178,33,3,4,10,3,7,3,14,2,6,48%,1,0,2,467,413,88%,1.99,0
1208176,49,8,10,26,8,20,6,11,8,2,62%,1,0,3,503,428,85%,1.70,0
1208176,55,4,3,9,2,7,2,7,5,3,38%,1,0,6,317,240,76%,1.34,0
1208181,41,3,4,9,2,5,4,8,2,2,42%,1,0,4,426,370,87%,0.68,0
1208181,47,9,5,18,4,15,3,15,5,0,58%,3,0,3,598,542,91%,2.62,0
1299226,567,2,7,15,6,7,8,11,1,4,32%,0,0,6,309,201,65%,0.95,0
1299226,33,8,6,17,3,12,5,11,5,1,68%,3,0,1,674,558,83%,2.73,0
1299009,656,0,2,3,1,1,2,2,0,4,24%,0,0,10,235,163,69%,0.10,0
1299009,50,14,11,28,3,20,8,8,15,0,76%,0,0,0,754,697,92%,3.76,0
1299010,42,5,1,6,0,5,1,8,1,3,35%,1,0,2,355,289,81%,0.76,0
1299010,85,2,7,10,1,5,5,8,5,1,65%,1,0,3,645,578,90%,0.31,0
1299013,66,2,2,5,1,3,2,8,1,2,30%,3,0,7,290,219,76%,0.40,0
1299013,157,7,4,17,6,8,9,12,11,3,70%,2,0,1,656,592,90%,1.42,0
1299017,40,4,5,9,0,7,2,10,5,3,51%,4,0,2,451,370,82%,1.21,0
1299017,500,2,4,12,6,6,6,8,3,4,49%,2,0,2,419,341,81%,0.59,0
1299022,66,6,4,16,6,8,8,13,5,2,53%,1,0,4,449,388,86%,1.18,0
1299022,500,4,5,12,3,5,7,9,4,3,47%,4,0,4,389,327,84%,0.86,0
1035344,66,4,4,12,4,7,5,11,9,0,78%,3,0,1,656,577,88%,0.86
1035344,62,2,2,5,1,3,2,16,1,4,22%,3,0,3,192,120,63%,0.58
1299027,42,5,6,13,2,10,3,7,5,0,56%,2,0,1,603,542,90%,1.98,0
1299027,550,1,4,9,4,3,6,10,3,1,44%,1,0,5,474,413,87%,0.67,0
1309283,51,7,7,19,5,12,7,8,6,3,45%,0,0,4,399,341,85%,0,0
1309283,40,7,4,11,0,9,2,11,2,3,55%,2,0,5,513,439,86%,0,0
1309282,33,9,8,23,6,13,10,8,5,3,56%,0,0,5,560,488,87%,0,0
1309282,46,7,5,16,4,10,6,5,3,1,44%,1,0,4,431,364,84%,0,0
1309285,66,9,4,17,4,11,6,6,5,2,62%,2,0,0,512,443,87%,0,0
1309285,52,2,8,12,2,5,7,15,6,2,38%,4,0,8,304,228,75%,0,0
1310475,34,2,6,8,0,4,4,12,1,1,35%,4,0,4,352,289,82%,0,0
1310475,49,4,4,17,9,10,7,14,9,1,65%,2,0,1,671,611,91%,0,0
1309281,47,7,3,11,1,8,3,17,4,4,32%,3,0,1,300,242,81%,0,0
1309281,50,3,10,15,2,9,6,6,4,0,68%,0,0,5,636,577,91%,0,0
1299035,50,10,3,22,9,18,4,5,7,0,80%,1,0,1,767,716,93%,2.93,0
1299035,628,1,3,5,1,4,1,4,1,1,20%,1,0,5,189,136,72%,0.23,0
1299036,173,6,3,13,4,6,7,9,5,5,43%,2,0,6,440,368,84%,0.77,0
1299036,40,8,7,17,2,9,8,7,7,0,57%,1,0,6,599,524,87%,2.31,0
1299075,547,5,4,13,4,8,5,11,5,3,38%,3,0,6,363,303,83%,1.12,0
1299075,40,7,5,15,3,11,4,8,8,1,62%,2,0,5,611,553,91%,1.84,0
1208071,35,6,2,14,6,9,5,19,6,1,40%,2,0,2,371,299,81%,1.38,-1
1208071,41,3,3,9,3,6,3,12,4,1,60%,5,0,3,568,491,86%,0.60,-1
1208072,42,16,10,36,10,28,8,11,17,0,75%,2,0,1,663,592,89%,4.62,1
1208072,46,3,1,5,1,5,0,6,0,1,25%,4,0,13,232,171,74%,0.32,1
1299081,173,5,7,17,5,12,5,12,5,3,47%,1,0,5,448,380,85%,2.23,1
1299081,66,8,8,19,3,11,8,7,7,2,53%,2,0,3,509,436,86%,2.14,1
1208073,55,3,2,8,3,4,4,2,7,1,57%,2,0,2,528,425,80%,0.37,0
1208073,48,3,10,19,6,12,7,11,6,2,43%,3,0,2,399,316,79%,0.99,0
1208074,49,7,5,15,3,13,2,11,8,6,41%,3,0,4,376,288,77%,4.16,0
1208074,51,5,5,15,5,8,7,8,2,2,59%,2,0,2,552,476,86%,1.11,0
1208075,45,2,4,8,2,5,3,13,5,2,40%,2,0,3,347,259,75%,0.89,-1
1208075,52,5,5,17,7,11,6,11,8,0,60%,0,0,0,535,435,81%,0.95,-1
1208076,57,5,6,15,4,10,5,10,10,2,44%,4,0,1,408,347,85%,1.18,0
1208076,66,3,4,7,0,4,3,14,0,1,56%,1,0,3,542,480,89%,0.82,0
1208077,33,2,5,11,4,10,1,16,5,2,39%,5,1,7,395,312,79%,0.96,0
1208077,47,10,7,24,7,18,6,14,3,1,61%,3,0,2,636,562,88%,4.59,0
1208078,34,4,3,11,4,10,1,14,5,1,38%,4,0,5,331,261,79%,1.57,0
1208078,50,6,4,16,6,12,4,10,6,0,62%,4,0,3,558,490,88%,0.91,0
1208079,65,1,5,11,5,6,5,11,6,7,41%,2,0,1,351,278,79%,0.80,0
1208079,36,2,5,14,7,10,4,15,5,1,59%,4,0,1,527,459,87%,1.33,0
1299088,496,5,3,10,2,7,3,8,2,3,31%,1,0,3,310,266,86%,1.13,0
1299088,50,3,3,12,6,8,4,7,6,1,69%,2,0,3,699,652,93%,1.26,0
1208080,39,3,3,8,2,5,3,16,2,1,45%,2,0,4,426,357,84%,0.63,0
1208080,40,6,3,10,1,8,2,8,10,2,55%,3,0,2,534,455,85%,2.54,0
1208081,42,6,13,29,10,20,9,10,13,1,59%,0,0,1,536,483,90%,2.83,0
1208081,41,2,1,8,5,5,3,9,1,0,41%,3,0,3,395,337,85%,0.65,0
1208082,66,1,7,11,3,6,5,12,6,0,54%,1,0,4,416,345,83%,0.50,0
1208082,33,4,4,10,2,4,6,11,3,1,46%,5,0,1,369,302,82%,0.56,0
1299091,42,8,6,16,2,14,2,12,3,2,55%,2,0,2,531,469,88%,1.91,0
1299091,91,2,5,7,0,3,4,7,1,3,45%,1,0,5,439,377,86%,0.38,0
1208083,55,12,4,19,3,14,5,9,10,5,44%,2,0,3,365,283,78%,4.25,0
1208083,39,6,7,17,4,10,7,10,3,1,56%,3,0,7,478,376,79%,1.05,0
1208084,51,4,5,11,2,9,2,14,4,2,41%,2,0,1,364,301,83%,1.76,0
1208084,47,3,7,13,3,11,2,10,7,2,59%,2,0,1,526,461,88%,1.34,0
1208085,49,8,9,22,5,14,8,12,11,1,66%,6,0,8,591,519,88%,2.46,0
1208085,65,9,1,16,6,9,7,11,3,3,34%,4,1,7,306,233,76%,0.87,0
1208086,52,5,4,9,0,3,6,7,3,1,32%,4,0,3,300,209,70%,0.64,1
1208086,40,4,7,16,5,8,8,15,8,0,68%,2,0,5,642,549,86%,1.40,1
1208087,45,2,5,8,1,2,6,12,0,2,32%,1,0,3,310,228,74%,0.67,0
1208087,34,3,8,14,3,12,2,8,10,3,68%,2,0,2,656,566,86%,2.05,0
1208088,46,2,3,6,1,3,3,12,0,2,44%,4,0,2,368,280,76%,0.79,0
1208088,35,2,11,19,6,15,4,14,9,1,56%,1,0,1,443,362,82%,2.16,0
1208089,50,7,5,20,8,10,10,4,8,0,58%,2,0,2,634,575,91%,1.57,-1
1208089,36,4,3,11,4,9,2,10,3,3,42%,1,0,4,452,392,87%,2.60,-1
1208090,48,13,6,23,4,17,6,12,5,3,53%,0,0,2,496,432,87%,3.79,0
1208090,57,2,4,9,3,5,4,6,5,1,47%,1,0,8,430,361,84%,0.65,0
1208091,35,4,4,13,5,9,4,12,7,1,49%,1,0,1,405,323,80%,1.82,0
1208091,42,1,4,6,1,5,1,11,4,1,51%,1,1,2,439,348,79%,0.68,0
1208092,36,4,5,10,1,9,1,8,6,2,52%,3,1,4,434,377,87%,1.78,0
1208092,66,5,5,14,4,10,4,11,11,2,48%,5,1,3,408,361,88%,1.68,0
1208093,57,2,8,13,3,9,4,12,5,1,55%,1,0,6,484,419,87%,1.25,0
1208093,45,8,3,11,0,8,3,10,7,0,45%,1,0,2,403,319,79%,1.74,0
1208094,40,5,3,9,1,7,2,12,1,5,43%,4,0,1,409,326,80%,1.94,0
1208094,49,2,6,12,4,9,3,13,5,0,57%,3,0,3,542,476,88%,0.99,0
1208095,33,11,6,23,6,13,10,4,9,1,50%,2,0,1,488,409,84%,1.33,0
1208095,55,2,4,8,2,6,2,5,2,3,50%,2,0,9,484,412,85%,0.86,0
1208096,34,6,6,21,9,15,6,11,9,3,60%,2,0,4,544,448,82%,2.02,0
1208096,51,5,3,10,2,8,2,9,4,0,40%,2,0,6,371,294,79%,1.12,0
1208097,65,6,5,20,9,10,10,9,6,2,50%,2,0,7,441,362,82%,1.76,0
1208097,52,7,7,20,6,11,9,12,6,2,50%,3,0,5,448,358,80%,0.97,0
1208098,41,7,5,14,2,14,0,10,10,1,42%,5,1,1,359,297,83%,2.15,0
1208098,46,4,10,18,4,14,4,10,6,2,58%,3,0,6,492,420,85%,3.21,0
1208099,47,7,9,22,6,17,5,10,13,2,57%,1,0,2,477,414,87%,1.92,-3
1208099,48,4,4,11,3,7,4,15,5,1,43%,3,1,4,366,295,81%,0.78,-3
1299233,257,6,4,15,5,10,5,9,7,5,41%,1,0,3,380,304,80%,1.28,0
1299233,47,3,6,12,3,9,3,9,7,2,59%,2,0,5,564,487,86%,0.87,0
1208100,39,2,1,3,0,2,1,8,1,2,22%,4,0,5,216,143,66%,0.97,0
1208100,50,7,7,22,8,12,10,5,18,1,78%,1,0,1,731,657,90%,1.62,0
1208103,42,3,4,9,2,5,4,14,1,2,45%,2,0,2,383,306,80%,0.92,0
1208103,40,4,3,9,2,5,4,14,3,1,55%,2,0,1,466,387,83%,0.81,0
1208104,66,8,5,18,5,13,5,12,9,0,57%,7,0,2,438,362,83%,1.81,2
1208104,35,3,4,10,3,4,6,14,7,5,43%,6,0,7,325,270,83%,0.31,2
1208105,55,9,5,20,6,14,6,7,4,2,65%,0,0,2,555,468,84%,4.10,0
1208105,57,5,6,11,0,8,3,10,5,1,35%,3,1,6,292,210,72%,1.30,0
1208106,51,6,5,19,8,13,6,12,9,2,51%,3,0,5,452,393,87%,1.31,0
1208106,39,7,2,14,5,14,0,10,6,1,49%,3,0,4,438,361,82%,1.36,0
1208107,49,7,6,17,4,12,5,13,7,2,50%,6,0,1,459,388,85%,1.61,0
1208107,34,3,5,11,3,9,2,16,4,1,50%,3,0,5,450,362,80%,1.81,0
1208108,52,6,7,14,1,7,7,16,8,4,34%,4,0,3,247,159,64%,0.78,0
1208108,47,3,4,11,4,8,3,12,8,1,66%,4,0,5,517,419,81%,0.74,0
1208109,45,5,3,10,2,8,2,8,4,4,40%,1,0,2,383,304,79%,0.79,0
1208109,36,3,9,14,2,7,7,8,2,2,60%,0,0,4,588,505,86%,1.26,0
1208110,46,1,7,11,3,5,6,16,6,0,64%,5,0,2,560,482,86%,0.76,0
1208110,65,5,9,20,6,12,8,9,7,1,36%,3,0,0,305,231,76%,1.73,0
1208111,50,8,7,22,7,13,9,9,12,1,57%,1,0,2,616,571,93%,2.95,0
1208111,41,2,2,5,1,5,0,9,1,2,43%,3,0,6,479,434,91%,0.21,0
1208112,48,3,8,12,1,11,1,6,6,3,43%,5,0,4,393,318,81%,3.00,0
1208112,33,5,7,18,6,10,8,7,5,3,57%,1,0,1,538,451,84%,2.34,0
1208113,35,6,4,12,2,9,3,11,3,2,36%,2,0,3,334,282,84%,2.04,0
1208113,50,4,10,18,4,13,5,6,10,0,64%,1,0,4,600,541,90%,1.56,0
1208115,57,2,6,14,6,8,6,11,4,0,42%,6,1,4,320,245,77%,1.00,0
1208115,46,6,6,20,8,14,6,10,6,0,58%,2,0,1,432,346,80%,1.55,0
1208116,40,8,2,16,6,14,2,10,9,1,49%,1,0,4,443,367,83%,1.65,0
1208116,51,5,4,13,4,7,6,18,7,0,51%,1,0,6,469,407,87%,1.01,0
1208117,33,4,4,11,3,8,3,19,4,4,46%,6,0,2,405,322,80%,1.98,0
1208117,49,3,4,12,5,8,4,14,8,0,54%,2,0,3,475,397,84%,1.10,0
1208118,34,4,2,9,3,7,2,16,4,0,36%,4,0,0,289,200,69%,0.53,0
1208118,42,1,6,10,3,7,3,18,6,0,64%,4,0,3,502,433,86%,1.05,0
1208119,65,6,10,19,3,9,10,7,10,1,53%,1,0,1,446,378,85%,2.17,0
1208119,48,2,2,4,0,2,2,9,6,1,47%,4,1,3,392,308,79%,0.13,0
1208120,41,2,5,9,2,8,1,14,3,3,65%,4,0,5,589,540,92%,0.74,0
1208120,45,5,8,16,3,10,6,18,6,1,35%,2,0,1,305,247,81%,1.56,0
1208121,47,6,8,16,2,8,8,14,6,0,51%,2,0,1,397,354,89%,2.44,-1
1208121,66,1,8,12,3,7,5,14,4,0,49%,0,0,2,386,324,84%,1.86,-1
1208122,39,6,4,11,1,7,4,7,3,4,57%,1,0,4,484,389,80%,1.53,0
1208122,52,7,7,19,5,17,2,9,6,1,43%,2,0,4,357,272,76%,2.51,0
1314297,42,9,3,12,0,7,5,7,4,3,71%,1,0,2,551,482,87%,0,0
1314297,52,4,2,8,2,4,4,12,2,1,29%,1,0,6,225,149,66%,0,0
1299365,562,3,2,6,1,3,3,7,2,3,31%,1,0,9,292,226,77%,0.27,0
1299365,49,13,6,24,5,15,9,8,4,4,69%,0,0,2,682,631,93%,1.52,0
1299386,49,10,4,20,6,16,4,7,7,0,73%,0,0,3,719,652,91%,2.07,-2
1299386,652,4,1,6,1,5,1,12,3,1,27%,2,0,4,259,196,76%,0.21,-2
1299134,33,5,6,19,8,16,3,5,10,2,57%,1,0,2,539,464,86%,1.37,0
1299134,415,3,2,7,2,4,3,8,5,0,43%,3,0,5,405,325,80%,0.54,0
1298640,40,11,8,21,2,19,2,13,5,3,61%,1,0,3,535,488,91%,0,0
1298640,48,3,5,12,4,8,4,10,4,1,39%,3,1,6,334,260,78%,0,0
1208173,35,9,6,29,14,16,13,6,12,1,51%,0,0,2,436,331,76%,2.01,1
1208173,48,3,6,16,7,13,3,11,6,1,49%,2,0,8,420,305,73%,2.06,1
1314296,47,6,2,9,1,6,3,9,3,1,46%,3,0,2,423,343,81%,0,0
1314296,33,5,9,20,6,13,7,12,8,5,54%,3,0,2,481,400,83%,0,0
1314298,34,5,8,23,10,16,7,11,8,2,54%,3,0,2,430,363,84%,0,0
1314298,55,3,6,10,1,7,3,9,5,1,46%,1,0,2,350,279,80%,0,0
1314299,41,4,0,6,2,6,0,10,3,4,31%,2,0,1,289,228,79%,0,0
1314299,40,4,5,14,5,10,4,10,7,1,69%,2,0,3,644,571,89%,0,0
1208064,36,11,9,22,2,18,4,16,6,1,39%,6,0,4,344,283,82%,2.29,0
1208064,34,5,8,16,3,12,4,8,0,6,61%,0,0,8,560,506,90%,1.54,0
1208065,46,2,7,12,3,10,2,11,6,2,59%,1,0,4,460,389,85%,0.66,0
1208065,45,5,6,17,6,13,4,12,1,5,41%,2,0,1,335,271,81%,1.10,0
1208066,40,13,3,19,3,14,5,10,3,0,59%,1,0,7,584,519,89%,2.06,0
1208066,35,6,9,19,4,12,7,12,9,3,41%,4,0,9,389,332,85%,1.08,0
1208067,50,11,9,33,13,15,18,7,8,0,77%,3,0,1,705,644,91%,2.18,0
1208067,42,3,2,5,0,4,1,10,2,1,23%,6,1,9,208,148,71%,0.67,0
1208192,48,4,3,11,4,8,3,14,8,5,46%,2,0,5,364,274,75%,1.67,0
1208192,51,6,2,12,4,10,2,20,4,1,54%,2,0,3,427,362,85%,0.76,0
1208068,41,3,5,11,3,9,2,16,2,3,54%,4,0,5,492,428,87%,2.49,0
1208068,57,6,4,13,3,8,5,16,10,1,46%,4,0,2,409,350,86%,1.69,0
1208069,47,10,3,23,10,19,4,11,9,1,48%,3,0,5,434,355,82%,3.52,-1
1208069,55,6,0,6,0,5,1,9,4,2,52%,1,0,6,489,393,80%,0.80,-1
1208070,48,7,3,15,5,8,7,17,6,2,53%,5,0,2,498,444,89%,0.85,0
1208070,49,5,4,12,3,11,1,9,5,1,47%,2,0,7,454,393,87%,2.19,0
1298985,565,5,6,12,1,7,5,14,3,4,47%,4,0,4,362,302,83%,0.59,0
1298985,66,7,8,20,5,11,9,12,6,0,53%,1,0,5,406,349,86%,2.04,0
1298987,489,2,4,8,2,6,2,9,2,3,49%,2,0,8,446,372,83%,0.61,0
1298987,40,11,8,23,4,17,6,12,5,4,51%,2,0,1,460,399,87%,3.09,0
1298994,50,5,10,22,7,16,6,12,4,2,60%,1,0,3,651,597,92%,2.35,1
1298994,505,4,7,13,2,8,5,9,3,3,40%,0,0,5,437,376,86%,0.75,1
1298998,499,2,5,8,1,5,3,7,4,0,54%,1,0,2,496,414,83%,1.20,1
1298998,42,2,3,6,1,4,2,10,2,3,46%,0,0,2,433,362,84%,0.78,1
1208183,66,6,3,11,2,10,1,14,5,3,45%,3,0,5,430,371,86%,1.41,0
1208183,50,6,5,12,1,7,5,7,4,0,55%,3,0,4,524,484,92%,1.03,0
1298649,45,4,5,14,5,11,3,12,9,3,26%,3,0,3,260,208,80%,0,0
1298649,41,4,6,11,1,8,3,7,4,1,74%,1,0,3,792,727,92%,0,0
1208185,52,6,6,15,3,10,5,9,3,1,42%,2,0,1,391,317,81%,1.72,0
1208185,42,6,3,14,5,13,1,8,3,0,58%,2,0,5,546,477,87%,2.88,0
1298652,51,9,3,13,1,6,7,11,2,4,54%,5,0,3,529,451,85%,0,0
1298652,39,5,3,9,1,6,3,11,1,9,46%,2,0,6,437,348,80%,0,0
1208184,55,3,2,7,2,7,0,9,9,1,64%,3,0,4,527,448,85%,0.80,0
1208184,65,6,3,10,1,7,3,14,5,3,36%,4,0,3,304,236,78%,0.84,0
1208188,57,2,4,10,4,8,2,9,2,3,41%,2,0,3,403,333,83%,0.70,0
1208188,34,7,7,15,1,13,2,7,1,1,59%,0,0,2,582,505,87%,2.31,0
1208061,66,4,2,9,3,6,3,11,6,1,53%,3,0,3,447,393,88%,1.73,-1
1208061,39,4,1,10,5,8,2,16,5,5,47%,6,0,0,398,341,86%,0.51,-1
1299145,47,5,1,10,4,6,4,10,3,2,49%,1,1,5,469,412,88%,1.43,0
1299145,556,5,8,14,1,10,4,9,9,6,51%,1,0,2,475,412,87%,2.19,0
1299146,651,5,6,15,4,13,2,11,4,4,42%,1,0,5,358,288,80%,1.32,0
1299146,47,7,6,17,4,12,5,13,11,1,58%,0,0,4,513,445,87%,1.24,0
1298641,50,8,6,24,10,14,10,5,10,1,72%,0,0,0,753,691,92%,0,0
1298641,38,1,3,5,1,3,2,6,1,2,28%,0,0,5,284,226,80%,0,0
1298642,42,8,6,21,7,17,4,5,10,1,77%,1,0,0,642,575,90%,0,0
1298642,68,1,3,4,0,4,0,8,4,2,23%,0,0,3,187,118,63%,0,0
1208186,45,4,0,5,1,2,3,20,2,2,25%,4,0,4,207,151,73%,0.39,0
1208186,49,5,3,12,4,6,6,12,5,1,75%,1,0,4,620,558,90%,0.77,0
1298643,33,13,4,26,9,20,6,16,3,2,65%,0,0,0,636,562,88%,0,0
1298643,747,0,2,3,1,1,2,11,1,2,35%,3,0,6,328,250,76%,0,0
1298644,1358,6,5,12,1,9,3,9,4,4,29%,1,0,2,245,180,73%,0,0
1298644,66,4,5,11,2,6,5,12,2,1,71%,0,0,5,630,559,89%,0,0
1298645,1346,5,4,15,6,13,2,9,7,2,30%,4,0,2,241,167,69%,0,0
1298645,47,4,3,9,2,6,3,10,7,1,70%,1,0,2,582,515,88%,0,0
1299158,212,7,4,14,3,13,1,7,5,0,47%,1,0,5,423,355,84%,2.13,0
1299158,33,8,10,29,11,16,13,7,10,1,53%,2,1,5,487,435,89%,1.61,0
1208191,47,5,3,9,1,6,3,7,7,4,52%,1,0,6,547,466,85%,1.27,-1
1208191,40,12,8,24,4,18,6,9,5,4,48%,2,0,2,502,432,86%,5.63,-1
1208190,33,7,10,23,6,13,10,11,13,0,60%,1,0,2,492,396,80%,2.28,1
1208190,35,5,3,10,2,6,4,11,1,2,40%,3,0,7,337,253,75%,1.63,1
1208189,46,5,2,9,2,7,2,15,6,1,54%,2,0,1,546,473,87%,0.80,0
1208189,39,4,3,8,1,6,2,16,1,1,46%,0,0,4,479,400,84%,1.11,0
1309280,41,5,6,12,1,8,4,5,5,4,78%,2,0,0,807,753,93%,0,0
1309280,75,2,3,6,1,4,2,11,1,0,22%,1,0,2,230,176,77%,0,0
1298655,1342,1,2,7,4,5,2,12,6,0,26%,3,0,2,221,143,65%,0,0
1298655,46,2,6,9,1,7,2,6,2,1,74%,2,0,1,674,579,86%,0,0
1309284,59,2,3,7,2,6,1,11,1,2,26%,4,0,6,244,188,77%,0,0
1309284,42,10,3,18,5,14,4,4,6,2,74%,0,0,2,718,667,93%,0,0
1299176,611,5,3,10,2,9,1,12,5,1,52%,2,0,4,485,415,86%,1.15,0
1299176,33,5,4,12,3,7,5,14,3,1,48%,1,0,3,459,387,84%,1.21,0
1208062,51,3,4,14,7,8,6,12,9,0,70%,3,0,2,542,475,88%,1.00,0
1208062,65,3,0,4,1,4,0,11,1,4,30%,6,1,1,245,169,69%,1.42,0
1208063,52,4,3,9,2,7,2,7,4,1,33%,3,0,7,313,221,71%,1.01,0
1208063,33,6,5,15,4,11,4,12,11,0,67%,2,0,4,639,547,86%,1.70,0
1208187,36,5,6,15,4,7,8,8,6,1,57%,1,0,1,538,465,86%,0.88,1
1208187,41,1,1,5,3,3,2,15,5,2,43%,3,0,5,419,336,80%,0.26,1
1299304,49,5,9,20,6,17,3,9,10,0,70%,1,0,1,768,709,92%,2.26,-3
1299304,631,3,4,9,2,8,1,7,4,2,30%,1,0,1,319,262,82%,0.99,-3
1299181,47,5,3,16,8,10,6,13,6,5,59%,0,0,3,575,501,87%,1.87,0
1299181,201,3,3,9,3,3,6,17,4,2,41%,5,1,4,399,318,80%,0.41,0
1299187,645,10,12,28,6,20,8,14,8,4,54%,3,0,1,446,360,81%,3.13,0
1299187,47,3,2,5,0,4,1,10,0,3,46%,6,1,5,396,315,80%,2.01,0
1298646,55,8,4,15,3,11,4,7,9,1,63%,1,0,2,646,568,88%,0,0
1298646,1373,3,4,12,5,8,4,15,5,1,37%,3,1,5,381,313,82%,0,0
1208193,35,4,10,18,4,15,3,13,5,1,52%,2,0,4,451,371,82%,1.19,0
1208193,52,4,2,10,4,6,4,12,2,1,48%,2,0,3,428,334,78%,0.53,0
1208196,49,8,1,12,3,7,5,13,3,3,47%,1,0,5,500,420,84%,0.81,1
1208196,36,7,7,14,0,10,4,13,1,1,53%,3,0,7,558,480,86%,1.32,1
1208198,50,5,9,24,10,16,8,5,8,2,66%,1,0,2,638,577,90%,2.02,0
1208198,45,3,3,8,2,5,3,10,5,2,34%,4,0,4,316,256,81%,0.64,0
1208197,40,7,6,19,6,14,5,17,14,3,69%,3,0,0,649,590,91%,1.91,0
1208197,46,1,2,4,1,2,2,5,1,2,31%,2,0,4,310,237,76%,0.34,0
1208199,34,8,7,22,7,16,6,15,9,5,63%,2,0,1,537,491,91%,2.62,0
1208199,66,1,2,4,1,2,2,10,6,3,37%,1,1,4,308,247,80%,0.34,0
1208200,65,3,5,10,2,7,3,12,2,4,30%,3,0,4,254,182,72%,1.21,0
1208200,47,4,4,13,5,7,6,13,7,1,70%,4,1,2,606,532,88%,1.28,0
1208201,41,5,9,17,3,15,2,15,2,0,55%,1,0,1,476,400,84%,1.11,0
1208201,48,2,8,16,6,11,5,8,2,0,45%,2,0,5,396,314,79%,1.30,0
1208202,39,4,1,7,2,3,4,12,4,3,51%,2,0,4,470,391,83%,0.97,0
1208202,33,4,3,11,4,5,6,12,4,1,49%,4,1,2,455,365,80%,0.35,0
1299319,617,3,1,8,4,4,4,8,5,2,40%,1,0,5,414,349,84%,1.18,0
1299319,49,9,3,14,2,10,4,17,6,1,60%,1,0,2,619,571,92%,2.42,0
1298648,59,4,1,7,2,4,3,10,4,3,29%,0,0,5,261,187,72%,0,0
1298648,36,6,3,16,7,12,4,7,10,0,71%,1,0,3,653,575,88%,0,0
1150201,50,8,2,15,5,6,9,11,4,3,55%,0,0,2,530,480,91%,0
1150201,124,2,3,5,0,1,4,13,2,3,45%,3,0,5,442,397,90%,0
1298650,72,2,3,6,1,6,0,14,6,0,43%,4,0,2,433,348,80%,0,0
1298650,52,4,3,8,1,5,3,12,2,5,57%,3,0,1,582,508,87%,0,0
1208194,42,5,3,13,5,9,4,7,5,1,68%,1,0,0,670,604,90%,1.86,0
1208194,57,0,0,3,3,0,3,12,1,2,32%,1,0,4,318,256,81%,0.15,0
1208195,51,7,12,24,5,15,9,6,5,0,58%,0,0,3,485,401,83%,1.22,0
1208195,55,3,2,8,3,7,1,12,3,5,42%,2,0,8,351,262,75%,0.54,0
1298653,34,4,7,18,7,13,5,9,10,2,78%,1,0,0,731,659,90%,0,0
1298653,1333,0,1,2,1,1,1,6,1,2,22%,2,0,4,199,119,60%,0,0
1298654,49,10,8,20,2,15,5,14,8,1,71%,1,0,1,613,554,90%,0,0
1298654,1819,1,4,5,0,3,2,9,4,3,29%,1,0,6,233,170,73%,0,0
1309279,55,5,3,12,4,7,5,9,5,2,70%,0,0,4,595,516,87%,0,0
1309279,74,5,2,9,2,5,4,9,2,3,30%,1,0,4,252,182,72%,0,0
1287647,1361,3,1,5,1,3,2,16,2,2,28%,2,0,2,215,144,67%,0,0
1287647,55,3,5,10,2,9,1,9,2,2,72%,1,0,3,580,512,88%,0,0
1287648,45,4,6,16,6,10,6,14,8,3,61%,2,0,3,537,454,85%,0,0
1287648,1354,3,2,8,3,3,5,10,4,1,39%,1,0,1,348,263,76%,0,0
1287651,65,3,4,12,5,8,4,13,3,0,42%,5,0,6,351,288,82%,0,0
1287651,34,7,5,14,2,8,6,6,5,0,58%,2,0,1,503,444,88%,0,0
1287584,49,7,2,14,5,10,4,6,4,0,59%,1,0,6,634,576,91%,0,0
1287584,2184,6,7,22,9,12,10,7,8,2,41%,1,0,5,438,368,84%,0,0
1287585,2184,3,7,15,5,9,6,7,6,3,33%,3,0,6,269,175,65%,0,0
1287585,49,7,5,18,6,13,5,7,6,1,67%,3,0,1,580,495,85%,0,0
1208033,51,5,6,14,3,10,4,9,4,0,48%,1,0,2,477,407,85%,2.09,0
1208033,33,4,5,11,2,8,3,13,4,6,52%,2,0,2,511,446,87%,1.43,0
1208034,52,2,8,14,4,8,6,9,3,3,58%,1,0,1,552,454,82%,1.35,0
1208034,48,3,10,18,5,13,5,17,3,2,42%,1,0,2,393,302,77%,1.39,0
1208035,36,6,7,18,5,13,5,14,7,0,54%,2,0,3,538,459,85%,1.78,0
1208035,46,4,4,10,2,6,4,13,5,5,46%,2,0,4,454,381,84%,0.61,0
1208036,40,8,4,19,7,17,2,10,9,1,63%,2,0,2,602,551,92%,2.65,1
1208036,55,2,3,8,3,4,4,7,4,2,37%,3,0,6,358,294,82%,0.36,1
1208037,50,5,6,14,3,9,5,4,10,3,75%,2,0,0,755,700,93%,3.34,0
1208037,57,1,0,1,0,0,1,15,1,1,25%,3,0,1,245,200,82%,0.29,0
1208205,52,10,3,19,6,12,7,18,8,2,47%,2,0,2,378,292,77%,1.82,0
1208205,41,3,3,7,1,7,0,19,7,1,53%,3,0,8,434,350,81%,1.30,0
1208206,45,2,9,13,2,9,4,13,5,1,63%,4,0,5,474,379,80%,0.64,0
1208206,65,7,4,11,0,7,4,10,4,2,37%,1,0,2,287,195,68%,1.42,0
1208207,36,6,3,11,2,8,3,7,1,0,52%,1,0,6,479,380,79%,0.99,0
1208207,35,9,6,16,1,12,4,16,7,0,48%,3,0,4,437,347,79%,1.86,0
1208209,46,4,5,12,3,11,1,11,4,3,54%,2,0,3,567,530,93%,1.49,0
1208209,50,5,6,14,3,8,6,6,4,2,46%,1,0,3,495,449,91%,1.40,0
1208211,47,3,7,13,3,10,3,9,5,3,48%,1,0,1,407,318,78%,0.99,-1
1208211,39,3,4,11,4,4,7,10,5,3,52%,2,0,1,442,355,80%,0.51,-1
1208212,48,0,4,7,3,5,2,7,2,4,45%,0,0,8,448,382,85%,0.31,0
1208212,40,13,7,22,2,17,5,10,6,0,55%,0,0,1,534,470,88%,2.92,0
1287657,39,6,5,17,6,11,6,13,4,3,50%,0,0,0,501,440,88%,0,0
1287657,44,0,1,3,2,2,1,11,0,0,50%,1,0,4,498,432,87%,0,0
1287639,54,4,7,16,5,7,9,16,11,2,57%,1,0,0,576,520,90%,0,0
1287639,36,2,3,8,3,3,5,18,3,1,43%,2,0,4,447,390,87%,0,0
1287641,48,4,4,15,7,10,5,14,4,1,48%,3,0,4,410,335,82%,0,0
1287641,35,4,7,12,1,9,3,11,5,1,52%,2,0,3,430,349,81%,0,0
1287643,51,8,4,17,5,12,5,10,7,3,44%,2,0,3,370,304,82%,0,0
1287643,1362,3,4,9,2,7,2,15,6,4,56%,3,1,3,468,396,85%,0,0
1208031,35,4,7,16,5,11,5,20,8,0,39%,2,0,4,321,245,76%,2.26,0
1208031,34,5,4,14,5,12,2,8,9,0,61%,2,0,3,495,393,79%,1.69,0
1208032,66,3,3,11,5,7,4,8,4,3,39%,1,0,2,329,271,82%,1.28,1
1208032,42,4,4,9,1,5,4,16,1,1,61%,3,0,3,514,469,91%,0.87,1
1208038,41,1,1,5,3,2,3,14,4,0,65%,3,0,7,656,596,91%,0.14,0
1208038,65,8,8,23,7,14,9,14,10,1,35%,3,0,1,352,294,84%,2.45,0
1208039,47,7,5,13,1,9,4,11,12,0,71%,0,0,1,609,540,89%,2.43,-1
1208039,45,1,3,10,6,10,0,15,5,4,29%,0,0,3,251,188,75%,1.00,-1
1208040,39,4,6,12,2,8,4,13,5,3,40%,2,0,2,320,253,79%,1.96,-1
1208040,49,8,3,14,3,10,4,13,5,1,60%,3,0,2,495,426,86%,1.68,-1
1208041,42,7,2,11,2,10,1,12,3,3,36%,5,1,3,270,200,74%,2.08,1
1208041,51,4,10,22,8,15,7,7,7,1,64%,2,0,6,471,404,86%,1.83,1
1208042,55,7,7,20,6,15,5,10,2,1,37%,2,0,5,358,310,87%,2.78,0
1208042,41,6,7,18,5,9,9,7,8,2,63%,1,0,4,621,548,88%,1.57,0
1208043,49,7,5,13,1,8,5,9,4,0,63%,4,0,2,590,532,90%,2.37,1
1208043,52,3,1,9,5,4,5,13,4,1,37%,2,0,6,350,276,79%,0.54,1
1208044,45,8,8,18,2,13,5,6,8,2,47%,2,0,4,349,257,74%,1.97,0
1208044,35,7,5,17,5,12,5,11,4,2,53%,1,0,6,392,300,77%,2.22,0
1208045,57,4,3,11,4,6,5,15,8,4,49%,2,0,3,401,345,86%,0.45,0
1208045,36,4,2,9,3,9,0,15,6,0,51%,3,0,3,418,359,86%,0.95,0
1208046,46,3,5,9,1,3,6,13,1,3,58%,4,0,3,513,457,89%,0.45,0
1208046,66,5,3,10,2,8,2,21,4,1,42%,5,0,2,383,318,83%,1.55,0
1208047,33,3,5,8,0,5,3,7,5,0,53%,4,0,0,507,421,83%,1.36,0
1208047,40,3,7,11,1,10,1,7,2,2,47%,1,0,3,464,391,84%,1.79,0
1208048,34,3,3,9,3,6,3,16,7,2,34%,4,0,6,261,183,70%,1.83,0
1208048,47,6,6,20,8,9,11,13,12,4,66%,4,0,1,500,421,84%,1.26,0
1287645,43,4,4,10,2,5,5,12,3,6,27%,2,0,3,275,220,80%,0,0
1287645,41,8,2,13,3,8,5,4,6,1,73%,3,0,2,772,718,93%,0,0
1287653,46,8,8,22,6,11,11,6,9,0,71%,0,0,0,787,723,92%,0,0
1287653,1381,0,2,3,1,1,2,9,1,1,29%,1,0,4,324,254,78%,0,0
1208203,66,4,7,20,9,12,8,9,12,2,60%,2,0,3,477,404,85%,1.74,0
1208203,51,4,4,13,5,7,6,14,3,0,40%,3,0,3,319,257,81%,1.12,0
1208210,33,1,5,10,4,7,3,13,2,1,53%,1,0,2,575,498,87%,0.88,0
1208210,34,4,4,12,4,7,5,8,3,4,47%,1,0,0,509,435,85%,1.96,0
1208208,57,6,1,9,2,8,1,9,4,0,24%,3,0,4,226,145,64%,0.67,-1
1208208,49,5,7,20,8,14,6,5,7,2,76%,4,0,4,722,651,90%,1.99,-1
1208049,65,5,5,16,6,13,3,15,7,4,52%,3,0,1,367,293,80%,1.04,0
1208049,39,3,6,11,2,4,7,18,3,0,48%,4,0,4,359,279,78%,0.74,0
1208050,48,2,5,10,3,7,3,10,3,0,32%,3,0,5,340,284,84%,0.73,0
1208050,50,8,10,23,5,19,4,3,11,1,68%,2,0,2,726,670,92%,3.00,0
1287644,52,5,4,13,4,9,4,13,4,6,44%,2,0,3,544,485,89%,0,0
1287644,71,3,3,8,2,4,4,5,0,1,56%,0,0,1,717,652,91%,0,0
1208051,35,7,8,19,4,10,9,16,6,4,33%,6,0,2,277,194,70%,1.78,2
1208051,49,3,3,10,4,6,4,9,3,3,67%,8,0,7,579,494,85%,0.78,2
1208052,66,8,6,17,3,13,4,10,6,1,73%,1,0,0,665,602,91%,2.12,0
1208052,45,2,3,6,1,5,1,12,2,3,27%,4,0,4,240,182,76%,0.90,0
1208053,51,6,5,21,10,10,11,14,9,1,69%,4,0,1,570,490,86%,1.66,2
1208053,57,1,4,6,1,3,3,16,2,3,31%,3,0,6,261,184,70%,0.35,2
1208054,52,4,6,20,10,16,4,11,5,3,67%,0,0,2,595,503,85%,2.55,0
1208054,46,4,4,9,1,7,2,15,2,0,33%,3,0,2,293,203,69%,1.23,0
1208055,36,5,8,21,8,17,4,15,3,3,55%,2,0,2,395,316,80%,1.54,0
1208055,48,3,5,11,3,7,4,18,2,2,45%,3,0,4,333,258,77%,0.76,0
1208056,40,5,6,14,3,10,4,15,7,0,69%,4,0,2,604,507,84%,0.94,0
1208056,65,3,2,5,0,3,2,6,2,5,31%,4,0,5,273,189,69%,0.44,0
1208057,50,7,6,18,5,10,8,9,12,1,54%,3,0,5,544,485,89%,2.17,0
1208057,55,5,2,8,1,6,2,3,3,1,46%,1,0,5,468,398,85%,0.96,0
1208058,41,4,1,6,1,6,0,11,0,0,44%,1,1,7,480,421,88%,1.12,1
1208058,33,10,3,20,7,11,9,14,7,0,56%,4,0,3,611,556,91%,2.67,1
1208059,47,5,4,15,6,10,5,13,7,2,64%,5,0,3,494,437,88%,0.71,0
1208059,42,4,0,7,3,7,0,10,6,3,36%,3,0,5,282,213,76%,0.74,0
1208060,39,5,5,12,2,10,2,17,4,3,49%,3,0,4,433,362,84%,1.23,0
1208060,34,6,4,14,4,8,6,6,7,2,51%,3,0,4,471,415,88%,1.52,0
1208026,65,8,3,14,3,8,6,17,2,1,53%,1,0,3,503,402,80%,1.30,0
1208026,35,4,6,13,3,6,7,8,6,4,47%,3,0,7,432,335,78%,1.22,0
1222610,50,1,5,9,3,6,3,10,6,2,56%,2,0,1,505,440,87%,0,0
1222610,33,2,4,8,2,5,3,9,2,3,44%,1,0,0,399,342,86%,0,0
1208021,33,5,7,14,2,7,7,12,7,3,55%,2,0,2,482,408,85%,2.43,1
1208021,36,2,4,10,4,6,4,10,8,1,45%,3,0,4,384,306,80%,0.44,1
1208022,57,2,2,7,3,5,2,9,2,5,38%,3,0,3,347,272,78%,0.45,0
1208022,40,5,6,18,7,12,6,18,10,0,62%,1,0,2,570,492,86%,2.65,0
1208023,42,6,6,18,6,12,6,17,8,0,53%,2,0,3,420,357,85%,1.24,0
1208023,39,3,5,9,1,6,3,14,2,1,47%,2,0,4,375,307,82%,0.47,0
1208024,45,1,4,9,4,6,3,8,1,7,38%,1,1,2,344,266,77%,0.45,0
1208024,51,5,3,10,2,9,1,8,5,1,62%,1,0,1,575,492,86%,1.43,0
1208025,34,1,0,3,2,3,0,15,3,1,22%,2,1,3,181,117,65%,0.25,0
1208025,41,4,4,19,11,13,6,16,12,2,78%,4,0,0,649,579,89%,1.77,0
1218714,56,6,7,15,2,9,6,8,9,1,52%,2,0,3,448,367,82%,0,0
1218714,1346,4,5,11,2,7,4,10,8,6,48%,2,0,6,410,344,84%,0,0
1208027,48,3,7,14,4,11,3,18,5,1,52%,1,0,1,417,352,84%,2.46,0
1208027,66,3,6,15,6,10,5,11,3,1,48%,2,0,3,394,329,84%,2.03,0
1208028,55,5,3,9,1,8,1,6,4,1,46%,1,0,6,403,311,77%,1.59,1
1208028,52,6,4,14,4,6,8,15,7,3,54%,5,0,3,481,389,81%,1.17,1
1208029,49,3,3,10,4,6,4,12,4,2,48%,1,0,3,490,436,89%,1.01,0
1208029,50,5,3,11,3,6,5,9,3,1,52%,1,0,3,535,477,89%,0.77,0
1208030,46,3,3,7,1,6,1,11,2,2,30%,1,0,5,275,211,77%,1.05,0
1208030,47,7,3,15,5,12,3,12,13,1,70%,1,0,2,671,601,90%,1.18,0
1208204,55,2,2,5,1,4,1,6,4,0,50%,1,0,1,473,389,82%,0.29,0
1208204,42,5,4,14,5,11,3,8,3,6,50%,2,0,1,466,389,83%,1.95,0
1213841,95,2,3,5,0,3,2,16,1,1,42%,5,0,5,364,286,79%,0.79,0
1213841,91,8,7,19,4,12,7,18,2,2,58%,2,0,1,502,425,85%,3.89,0
1213842,116,3,7,15,5,13,2,14,6,2,68%,2,0,1,651,563,86%,2.99,0
1213842,83,3,5,9,1,5,4,8,1,2,32%,0,0,0,321,246,77%,1.42,0
1213845,77,3,5,10,2,6,4,5,6,3,30%,0,0,8,323,269,83%,1.03,-1
1213845,85,12,9,26,5,19,7,16,8,0,70%,3,0,1,801,740,92%,3.50,-1
1213843,94,1,2,7,4,4,3,16,5,2,67%,3,0,0,596,513,86%,0.50,0
1213843,96,2,6,9,1,5,4,16,3,1,33%,1,0,1,300,213,71%,1.46,0
1213844,84,5,6,17,6,15,2,12,6,2,43%,2,0,4,381,309,81%,2.11,0
1213844,79,6,5,13,2,9,4,9,2,0,57%,2,0,4,518,450,87%,1.68,0
1213846,85,8,4,17,5,10,7,11,7,2,73%,1,0,2,765,683,89%,1.16,0
1213846,96,2,6,11,3,8,3,14,5,0,27%,2,0,5,276,212,77%,1.39,0
1213847,116,7,7,16,2,11,5,17,6,3,45%,3,0,1,392,315,80%,2.72,1
1213847,81,4,2,10,4,6,4,9,0,1,55%,3,0,6,493,411,83%,1.21,1
1213848,84,5,6,15,4,11,4,16,4,0,54%,2,0,2,506,429,85%,2.12,0
1213848,95,3,1,10,6,5,5,8,7,1,46%,0,0,4,440,365,83%,0.32,0
1213849,1063,4,4,11,3,7,4,19,5,1,33%,3,0,3,256,194,76%,1.49,0
1213849,82,3,5,11,3,5,6,11,11,0,67%,5,0,3,537,470,88%,0.95,0
1213850,79,2,3,5,0,3,2,19,3,2,53%,3,0,1,463,393,85%,0.41,0
1213850,94,1,1,4,2,1,3,16,3,0,47%,2,0,1,412,347,84%,0.18,0
1208213,35,8,7,19,4,12,7,15,9,1,59%,2,0,0,415,321,77%,1.71,1
1208213,45,0,9,9,0,5,4,14,3,0,41%,2,0,7,302,203,67%,0.49,1
1208214,66,5,3,13,5,8,5,10,6,1,61%,0,0,1,607,546,90%,1.40,0
1208214,46,2,2,4,0,3,1,10,2,1,39%,0,0,3,392,334,85%,0.36,0
1208215,51,4,4,11,3,6,5,17,2,0,45%,2,0,2,423,366,87%,1.56,0
1208215,42,3,4,9,2,6,3,14,5,3,55%,3,0,3,514,452,88%,0.84,0
1208216,52,6,2,13,5,10,3,9,6,2,38%,0,0,0,335,254,76%,1.01,0
1208216,49,1,10,15,4,12,3,12,6,0,62%,2,0,5,565,486,86%,1.30,0
1208219,50,7,0,10,3,7,3,8,7,1,56%,2,0,3,555,497,90%,2.00,-1
1208219,48,4,10,17,3,14,3,13,1,2,44%,1,0,4,429,368,86%,1.19,-1
1208220,41,1,5,8,2,3,5,10,2,1,50%,2,0,5,463,395,85%,0.29,0
1208220,55,11,7,20,2,17,3,4,2,2,50%,0,0,1,459,395,86%,4.26,0
1208221,47,4,6,13,3,9,4,11,9,2,57%,1,0,2,463,375,81%,0.81,0
1208221,34,4,3,14,7,11,3,15,10,1,43%,4,0,3,352,279,79%,1.08,0
1213851,83,4,8,18,6,10,8,15,10,0,71%,2,0,2,631,548,87%,0.87,0
1213851,111,5,1,7,1,6,1,12,2,2,29%,1,0,4,268,198,74%,0.81,0
1213852,91,4,4,10,2,7,3,7,2,3,52%,2,0,2,496,395,80%,2.70,0
1213852,106,4,5,12,3,8,4,12,8,1,48%,2,0,1,451,343,76%,1.04,0
1213853,108,6,3,10,1,5,5,13,2,0,48%,4,0,5,455,375,82%,0.59,0
1213853,77,5,3,10,2,6,4,7,2,1,52%,1,0,5,493,410,83%,0.88,0
1208217,36,4,4,15,7,10,5,10,9,0,73%,1,0,1,675,595,88%,1.34,0
1208217,57,3,3,7,1,5,2,14,2,1,27%,5,0,2,252,190,75%,1.39,0
1208218,40,6,8,19,5,15,4,10,6,0,52%,2,0,2,421,351,83%,2.87,0
1208218,33,4,1,13,8,11,2,13,9,4,48%,4,0,4,380,286,75%,1.03,0
1213854,93,6,5,14,3,9,5,11,4,4,40%,2,0,6,358,286,80%,1.01,0
1213854,80,7,5,13,1,11,2,13,2,1,60%,0,0,5,548,479,87%,1.70,0
1213855,93,3,8,16,5,6,10,14,3,1,52%,1,0,4,452,379,84%,0.85,0
1213855,116,6,4,11,1,6,5,12,1,4,48%,2,0,3,437,369,84%,1.82,0
1213856,94,9,4,18,5,14,4,14,6,2,72%,0,0,0,680,614,90%,3.36,0
1213856,1063,0,1,2,1,2,0,12,1,1,28%,1,1,4,270,203,75%,0.11,0
1213857,111,1,3,5,1,2,3,8,2,0,56%,2,0,2,489,434,89%,0.17,0
1213857,77,3,5,13,5,10,3,10,4,1,44%,0,0,1,395,340,86%,2.15,0
1213858,96,7,2,12,3,9,3,14,6,2,51%,0,0,0,432,347,80%,2.33,0
1213858,108,0,1,4,3,2,2,12,2,3,49%,0,0,4,416,310,75%,0.12,0
1213859,106,8,1,11,2,9,2,15,4,3,38%,3,0,3,348,296,85%,2.46,0
1213859,95,4,5,12,3,8,4,8,3,1,62%,2,0,5,594,531,89%,1.02,0
1213860,82,5,5,11,1,8,3,9,7,3,42%,4,1,2,318,239,75%,1.47,0
1213860,79,4,7,13,2,9,4,21,2,1,58%,5,1,3,457,384,84%,2.22,0
1213862,81,4,2,9,3,5,4,15,5,0,63%,0,0,3,652,563,86%,1.94,0
1213862,91,4,1,7,2,5,2,16,3,1,37%,1,0,2,377,283,75%,1.02,0
1213866,1063,2,0,3,1,0,3,13,0,0,31%,1,0,8,398,330,83%,0.16,0
1213866,81,10,4,21,7,17,4,10,9,0,69%,1,0,2,875,813,93%,2.51,0
1213873,94,4,2,7,1,4,3,18,2,0,45%,3,0,0,423,351,83%,0.56,0
1213873,77,0,2,3,1,3,0,12,1,3,55%,1,0,2,530,449,85%,0.36,0
1213874,111,1,9,10,0,7,3,11,3,3,56%,0,0,2,565,508,90%,0.86,0
1213874,95,5,3,9,1,8,1,7,2,3,44%,1,0,1,464,406,88%,0.99,0
1213749,96,6,3,12,3,11,1,14,10,0,54%,1,0,2,483,397,82%,1.71,1
1213749,83,2,5,10,3,7,3,11,5,0,46%,3,0,6,418,348,83%,0.47,1
1208222,39,6,2,13,5,10,3,10,5,1,61%,1,0,0,545,462,85%,1.57,0
1208222,65,3,6,11,2,8,3,8,3,4,39%,2,0,5,361,287,80%,2.20,0
1213747,106,7,2,10,1,6,4,12,5,2,50%,4,0,0,493,423,86%,1.32,0
1213747,81,5,1,7,1,7,0,8,0,0,50%,1,0,6,513,446,87%,2.38,0
1213748,82,5,1,8,2,6,2,19,6,0,42%,4,0,3,319,250,78%,1.41,0
1213748,95,4,6,11,1,9,2,18,4,0,58%,3,0,4,452,369,82%,0.91,0
1213750,77,3,2,8,3,3,5,12,7,4,41%,1,0,3,334,245,73%,0.39,0
1213750,116,4,6,10,0,7,3,14,3,3,59%,0,0,3,501,410,82%,1.23,0
1213751,91,6,4,17,7,14,3,13,5,2,62%,1,0,4,483,407,84%,1.96,0
1213751,1063,4,5,11,2,5,6,14,4,3,38%,1,0,5,288,207,72%,0.45,0
1213752,93,0,1,2,1,1,1,6,0,0,31%,2,1,4,283,209,74%,0.07,0
1213752,79,6,7,22,9,14,8,15,8,2,69%,2,0,0,633,576,91%,2.10,0
1213753,108,7,8,16,1,10,6,11,3,2,45%,0,0,1,406,346,85%,1.96,0
1213753,84,2,4,9,3,7,2,17,5,3,55%,0,0,5,488,426,87%,0.71,0
1213754,111,2,1,5,2,3,2,11,2,1,24%,3,0,5,252,189,75%,0.21,0
1213754,85,10,4,15,1,13,2,9,8,1,76%,0,0,1,824,770,93%,2.87,0
1213755,94,8,10,22,4,17,5,13,7,1,48%,2,0,2,420,354,84%,2.05,0
1213755,80,2,8,16,6,13,3,12,7,2,52%,1,0,5,455,377,83%,2.06,0
1213757,95,5,3,11,3,7,4,9,2,3,60%,2,0,4,544,463,85%,0.72,-1
1213757,94,5,6,14,3,6,8,19,5,1,40%,4,0,3,358,285,80%,1.09,-1
1213758,83,5,3,9,1,6,3,9,3,2,35%,2,0,3,290,213,73%,1.44,0
1213758,108,3,4,12,5,8,4,6,12,1,65%,1,1,3,555,468,84%,1.11,0
1213759,1063,5,9,19,5,9,10,12,2,2,59%,3,0,3,457,382,84%,1.11,0
1213759,111,5,7,14,2,9,5,10,4,3,41%,3,0,5,303,235,78%,2.38,0
1213760,79,6,2,11,3,7,4,9,3,1,65%,1,0,2,603,515,85%,0.88,0
1213760,77,2,3,6,1,4,2,18,2,4,35%,2,0,4,322,261,81%,0.58,0
1213761,84,3,6,11,2,10,1,12,4,1,58%,4,0,2,454,378,83%,1.28,0
1213761,96,3,7,15,5,8,7,21,4,1,42%,2,0,2,338,255,75%,0.98,0
1213762,116,9,5,20,6,16,4,10,5,6,52%,2,1,2,495,405,82%,2.97,0
1213762,106,2,9,11,0,9,2,7,2,1,48%,3,0,8,461,367,80%,0.86,0
1213763,80,0,1,1,0,0,1,19,0,4,39%,2,0,4,317,246,78%,0.03,0
1213763,91,6,10,21,5,14,7,9,6,1,61%,3,1,0,489,422,86%,2.26,0
1213764,81,11,5,21,5,16,5,10,2,3,66%,1,0,1,633,570,90%,3.17,1
1213764,93,3,5,13,5,8,5,13,4,1,34%,1,0,9,327,261,80%,0.88,1
1213765,79,4,4,8,0,6,2,9,3,5,42%,3,0,4,422,359,85%,1.40,0
1213765,85,7,2,11,2,11,0,9,1,2,58%,2,0,3,611,542,89%,2.60,0
1213766,80,12,2,20,6,15,5,11,9,4,48%,3,0,5,412,339,82%,2.92,0
1213766,95,8,2,15,5,12,3,6,2,2,52%,2,0,8,455,384,84%,2.72,0
1213767,106,9,8,22,5,18,4,12,7,2,47%,0,0,0,322,240,75%,3.12,0
1213767,1063,0,4,6,2,2,4,28,2,4,53%,5,0,4,373,311,83%,0.17,0
1327988,42,3,10,23,10,15,8,6,11,2,70%,1,0,2,571,500,88%,0,0
1327988,34,4,2,7,1,6,1,12,1,1,30%,3,0,2,258,189,73%,0,0
1213768,82,4,4,10,2,5,5,11,8,0,69%,2,0,1,563,491,87%,0.92,0
1213768,83,4,4,9,1,7,2,14,3,1,31%,2,0,3,257,191,74%,1.48,0
1213769,77,7,5,14,2,7,7,14,4,0,54%,6,0,4,453,390,86%,1.42,0
1213769,84,9,2,14,3,11,3,13,7,0,46%,4,1,6,381,315,83%,2.24,0
1213770,91,3,6,14,5,6,8,11,7,2,61%,1,0,3,447,367,82%,1.03,0
1213770,116,4,5,12,3,9,3,21,7,1,39%,4,0,2,267,200,75%,2.24,0
1213771,111,8,9,22,5,13,9,10,2,4,49%,1,0,2,439,369,84%,2.76,0
1213771,108,3,1,7,3,1,6,16,2,0,51%,5,1,6,453,386,85%,0.58,0
1213772,93,7,3,11,1,7,4,9,3,0,53%,2,0,4,400,330,83%,1.39,0
1213772,94,5,3,13,5,10,3,13,5,2,47%,1,0,5,350,281,80%,0.79,0
1213773,96,1,2,3,0,2,1,10,2,0,24%,4,1,2,271,204,75%,0.99,0
1213773,81,4,3,12,5,9,3,15,3,0,76%,2,0,0,877,814,93%,0.84,0
1213774,108,3,6,13,4,4,9,13,1,1,41%,3,0,6,404,321,79%,0.56,0
1213774,91,9,4,19,6,17,2,16,6,3,59%,0,0,3,587,482,82%,3.49,0
1213775,94,6,5,11,0,7,4,10,3,1,51%,1,0,4,452,403,89%,1.29,-1
1213775,82,4,4,12,4,3,9,7,4,3,49%,3,0,3,444,387,87%,0.33,-1
1213776,116,5,6,12,1,8,4,12,5,4,54%,0,0,3,492,404,82%,1.05,0
1213776,80,3,1,8,4,4,4,11,8,3,46%,0,0,4,421,321,76%,0.56,0
1213777,83,6,5,18,7,12,6,14,6,2,45%,3,0,2,456,399,88%,1.53,1
1213777,93,4,5,11,2,7,4,5,3,2,55%,1,0,5,582,525,90%,0.51,1
1213778,96,7,4,15,4,12,3,10,6,0,54%,1,0,3,520,427,82%,1.32,0
1213778,111,3,1,5,1,1,4,11,5,0,46%,1,0,4,438,352,80%,0.21,0
1213779,95,5,4,10,1,7,3,11,6,0,51%,4,0,1,469,401,86%,2.26,1
1213779,77,2,5,12,5,7,5,14,9,1,49%,1,0,4,432,353,82%,0.92,1
1213780,1063,5,5,10,0,5,5,12,2,3,29%,1,0,4,282,206,73%,1.25,0
1213780,79,4,8,17,5,11,6,10,7,1,71%,1,0,4,691,608,88%,1.24,0
1213781,81,5,3,10,2,5,5,18,1,1,56%,5,1,4,499,424,85%,0.67,0
1213781,84,4,5,12,3,10,2,4,2,5,44%,2,0,3,385,329,85%,2.05,0
1213782,85,9,7,22,6,13,9,7,9,3,67%,2,0,2,679,623,92%,2.88,0
1213782,106,3,0,5,2,2,3,13,1,1,33%,3,0,6,333,253,76%,0.97,0
1213783,80,9,9,22,4,16,6,17,10,3,63%,4,0,1,503,444,88%,3.01,0
1213783,81,5,2,9,2,5,4,8,3,4,37%,3,1,6,311,242,78%,0.79,0
1213784,84,12,3,18,3,14,4,7,3,3,59%,0,0,2,673,618,92%,4.73,-2
1213784,1063,2,4,8,2,5,3,13,2,0,41%,1,0,5,456,389,85%,0.32,-2
1213785,93,1,3,8,4,5,3,11,3,1,22%,2,0,3,219,159,73%,0.31,0
1213785,85,4,5,11,2,9,2,6,5,1,78%,1,0,0,808,757,94%,1.59,0
1213786,106,5,1,8,2,4,4,15,4,0,43%,1,0,1,362,269,74%,0.43,-1
1213786,96,1,9,11,1,10,1,18,3,0,57%,1,0,3,473,377,80%,2.77,-1
1213787,77,1,2,4,1,1,3,13,3,0,50%,1,0,2,480,402,84%,0.85,0
1213787,83,3,2,9,4,7,2,16,6,0,50%,4,0,0,473,390,82%,0.62,0
1213788,82,5,5,14,4,10,4,13,11,4,54%,3,0,3,410,324,79%,2.04,0
1213788,108,6,3,11,2,10,1,20,5,1,46%,4,0,1,367,289,79%,1.27,0
1213789,79,7,6,15,2,10,5,16,9,4,64%,2,0,7,565,499,88%,2.75,0
1213789,95,9,0,12,3,11,1,12,5,2,36%,2,0,4,327,262,80%,3.23,0
1213790,94,6,3,11,2,7,4,16,4,1,40%,2,0,1,336,231,69%,1.37,0
1213790,116,2,3,10,5,5,5,20,3,3,60%,4,0,5,492,383,78%,0.56,0
1213791,91,4,4,12,4,8,4,10,6,5,62%,1,0,0,493,420,85%,1.98,0
1213791,111,2,3,8,3,4,4,17,4,3,38%,3,0,1,302,223,74%,0.57,0
1213792,95,6,6,14,2,8,6,17,8,1,41%,2,0,3,381,316,83%,1.31,0
1213792,81,3,5,10,2,5,5,7,3,4,59%,1,0,5,557,485,87%,0.50,0
1213793,85,8,8,23,7,14,9,12,6,5,62%,1,0,4,638,565,89%,3.05,0
1213793,94,5,3,12,4,5,7,13,4,1,38%,3,0,4,389,319,82%,1.50,0
1213794,108,4,6,15,5,10,5,13,2,2,38%,2,0,4,296,204,69%,2.57,-1
1213794,106,4,4,8,0,6,2,16,3,1,62%,0,0,1,507,418,82%,0.80,-1
1213795,116,7,10,22,5,15,7,16,11,1,55%,3,1,4,452,381,84%,1.99,1
1213795,84,4,3,15,8,9,6,7,4,1,45%,2,0,6,375,301,80%,1.15,1
1213796,83,3,6,16,7,14,2,11,8,2,61%,2,1,1,537,467,87%,1.80,0
1213796,1063,3,2,5,0,4,1,12,4,1,39%,2,0,1,357,287,80%,1.02,0
1213797,111,4,3,7,0,3,4,11,1,1,38%,2,0,8,383,313,82%,0.41,0
1213797,79,10,3,18,5,13,5,9,5,3,62%,1,0,4,639,574,90%,3.58,0
1213824,95,5,1,9,3,9,0,15,5,0,51%,2,0,5,486,410,84%,1.73,0
1213824,83,6,1,8,1,7,1,17,4,2,49%,3,0,2,478,400,84%,0.76,0
1213825,94,4,8,20,8,15,5,10,14,0,61%,2,0,1,535,464,87%,1.59,1
1213825,111,1,2,5,2,4,1,7,0,2,39%,4,1,3,361,284,79%,0.43,1
1213826,77,8,4,13,1,9,4,10,2,0,42%,1,0,5,397,320,81%,2.96,0
1213826,1063,7,5,19,7,4,15,13,3,0,58%,3,0,4,567,485,86%,1.47,0
1213827,93,3,6,11,2,8,3,15,7,3,53%,3,0,2,412,349,85%,0.79,0
1213827,106,4,4,13,5,6,7,11,3,1,47%,2,0,2,377,296,79%,1.50,0
1213828,108,8,7,16,1,10,6,11,3,3,39%,0,0,4,325,255,78%,2.79,0
1213828,94,4,1,7,2,5,2,15,8,2,61%,2,0,4,509,440,86%,0.80,0
1213829,96,6,5,13,2,10,3,16,6,0,51%,0,0,2,377,291,77%,0.88,0
1213829,93,2,4,13,7,5,8,15,7,3,49%,3,0,4,376,298,79%,1.09,0
1213830,91,3,4,11,4,6,5,16,4,0,64%,1,0,2,559,473,85%,1.39,0
1213830,77,3,3,10,4,5,5,12,4,2,36%,1,0,3,311,235,76%,0.46,0
1213831,111,4,4,12,4,8,4,11,2,3,48%,2,0,1,432,355,82%,2.18,0
1213831,82,1,7,15,7,9,6,13,10,0,52%,1,0,3,462,384,83%,1.01,0
1213832,83,3,3,7,1,6,1,16,2,4,26%,1,0,2,270,202,75%,1.36,0
1213832,81,4,3,9,2,3,6,6,5,1,74%,1,0,2,778,721,93%,1.22,0
1213833,79,2,8,14,4,10,4,12,4,1,47%,3,0,2,399,332,83%,1.67,0
1213833,80,3,6,14,5,12,2,10,9,3,53%,1,0,1,444,354,80%,1.24,0
1213834,1063,3,8,13,2,9,4,9,2,3,35%,2,0,3,387,322,83%,2.65,0
1213834,95,3,4,9,2,7,2,4,3,0,65%,1,0,1,726,669,92%,0.53,0
1213835,106,6,9,16,1,11,5,9,6,1,64%,0,0,2,591,507,86%,1.02,1
1213835,84,3,8,12,1,8,4,4,2,4,36%,2,0,6,342,267,78%,1.52,1
1213836,85,8,5,18,5,13,5,3,7,2,69%,1,0,2,720,640,89%,2.88,1
1213836,116,2,6,13,5,11,2,20,4,3,31%,4,1,7,322,252,78%,0.83,1
1213837,81,5,7,19,7,14,5,13,5,6,74%,3,0,3,658,583,89%,2.59,0
1213837,108,6,2,10,2,8,2,16,3,2,26%,2,0,5,226,145,64%,1.92,0
1213838,80,7,3,17,7,12,5,11,7,0,62%,3,0,6,545,468,86%,1.17,0
1213838,1063,6,1,10,3,6,4,13,6,0,38%,2,0,6,329,260,79%,0.68,0
1213839,82,8,3,14,3,10,4,18,3,3,33%,5,0,5,244,169,69%,2.47,0
1213839,106,6,12,19,1,11,8,13,7,1,67%,1,0,5,497,421,85%,0.93,0
1213840,111,3,5,10,2,7,3,10,8,1,55%,1,0,4,396,329,83%,1.63,1
1213840,93,7,6,18,5,14,4,17,7,2,45%,4,0,4,345,283,82%,2.65,1
1213861,85,10,8,24,6,17,7,3,9,1,84%,0,0,1,1009,935,93%,2.73,2
1213861,83,2,2,5,1,5,0,6,3,2,16%,0,0,9,184,122,66%,0.65,2
1213863,80,8,4,16,4,13,3,11,5,3,53%,1,0,5,468,376,80%,2.86,0
1213863,84,7,3,16,6,12,4,11,4,1,47%,2,0,4,415,342,82%,2.16,0
1213864,84,5,6,17,6,11,6,10,5,0,51%,3,0,0,403,336,83%,2.03,0
1213864,111,2,5,12,5,8,4,10,8,2,49%,2,0,3,384,310,81%,1.01,0
1213865,108,2,1,6,3,4,2,8,3,3,27%,2,0,11,248,167,67%,0.29,0
1213865,85,11,9,24,4,19,5,7,15,4,73%,1,0,2,671,602,90%,2.51,0
1213867,77,2,6,10,2,5,5,13,2,4,36%,0,0,7,310,256,83%,0.63,0
1213867,80,10,1,16,5,11,5,13,7,1,64%,2,0,2,585,512,88%,2.03,0
1213868,79,6,2,10,2,7,3,13,2,1,62%,1,0,2,626,550,88%,2.51,0
1213868,106,3,4,7,0,4,3,16,1,1,38%,1,0,3,384,303,79%,0.65,0
1213869,116,3,8,17,6,10,7,15,6,4,55%,2,0,3,503,444,88%,1.27,-1
1213869,82,4,3,7,0,5,2,7,3,1,45%,3,0,2,421,347,82%,1.10,-1
1213870,95,2,3,7,2,4,3,13,3,0,48%,1,0,3,446,377,85%,0.80,0
1213870,93,3,3,10,4,6,4,16,2,2,52%,2,0,2,475,403,85%,1.11,0
1213871,83,2,4,14,8,11,3,15,5,1,46%,1,0,3,385,311,81%,1.19,0
1213871,94,3,2,5,0,3,2,9,5,1,54%,1,1,1,480,406,85%,0.39,0
1213872,91,5,11,19,3,13,6,15,2,4,58%,2,0,3,512,404,79%,3.23,0
1213872,96,3,2,6,1,4,2,16,3,1,42%,2,0,3,361,257,71%,0.51,0
1213875,93,0,6,8,2,7,1,15,1,1,37%,1,0,3,337,239,71%,1.51,0
1213875,91,3,7,14,4,8,6,22,4,6,63%,3,0,0,601,494,82%,1.30,0
1213876,108,3,4,10,3,6,4,10,3,0,39%,3,0,3,367,284,77%,0.58,0
1213876,116,5,5,16,6,10,6,10,5,5,61%,1,0,1,592,515,87%,1.61,0
1213877,96,4,4,11,3,11,0,16,2,0,39%,3,0,1,412,344,83%,1.41,-1
1213877,1063,2,1,3,0,1,2,15,3,0,61%,4,0,2,664,569,86%,0.52,-1
